{
  "GET Contact List" : {
    "transaction" : "GET Contact List",
    "sampleCount" : 10,
    "errorCount" : 0,
    "errorPct" : 0.0,
    "meanResTime" : 1250.1,
    "medianResTime" : 832.0,
    "minResTime" : 604.0,
    "maxResTime" : 2279.0,
    "pct1ResTime" : 2271.8,
    "pct2ResTime" : 2279.0,
    "pct3ResTime" : 2279.0,
    "throughput" : 0.17967191907576766,
    "receivedKBytesPerSec" : 1.0725746817561135,
    "sentKBytesPerSec" : 0.063341369908547
  },
  "Total" : {
    "transaction" : "Total",
    "sampleCount" : 30,
    "errorCount" : 0,
    "errorPct" : 0.0,
    "meanResTime" : 1310.1333333333332,
    "medianResTime" : 1099.0,
    "minResTime" : 307.0,
    "maxResTime" : 3756.0,
    "pct1ResTime" : 2840.100000000001,
    "pct2ResTime" : 3276.9499999999994,
    "pct3ResTime" : 3756.0,
    "throughput" : 0.5221568559195182,
    "receivedKBytesPerSec" : 1.4355744106154489,
    "sentKBytesPerSec" : 0.254619456434713
  },
  "POST Add Contact" : {
    "transaction" : "POST Add Contact",
    "sampleCount" : 10,
    "errorCount" : 0,
    "errorPct" : 0.0,
    "meanResTime" : 458.29999999999995,
    "medianResTime" : 325.5,
    "minResTime" : 307.0,
    "maxResTime" : 1610.0,
    "pct1ResTime" : 1487.1000000000004,
    "pct2ResTime" : 1610.0,
    "pct3ResTime" : 1610.0,
    "throughput" : 0.1804337627656887,
    "receivedKBytesPerSec" : 0.1862132817292772,
    "sentKBytesPerSec" : 0.12087652466529537
  },
  "Login" : {
    "transaction" : "Login",
    "sampleCount" : 10,
    "errorCount" : 0,
    "errorPct" : 0.0,
    "meanResTime" : 2222.0,
    "medianResTime" : 2195.0,
    "minResTime" : 1224.0,
    "maxResTime" : 3756.0,
    "pct1ResTime" : 3668.9000000000005,
    "pct2ResTime" : 3756.0,
    "pct3ResTime" : 3756.0,
    "throughput" : 0.1769504361828252,
    "receivedKBytesPerSec" : 0.2205313932192593,
    "sentKBytesPerSec" : 0.0779342253109904
  }
}